fpub;medio;pollster;mpolls;inicampo;fincampo;modo;muestra;pp;podemos;psoe;cs;vox
22/02/2019;La Sexta;Invymark;Invymark (La Sexta);;22/02/2019;Telefónica;;21;13,9;24,3;20,2;11,3
18/02/2019;La Razón;NC Report;NC Report (La Razón);;15/02/2019;Telefónica;1000;23,6;16;24,1;18,9;10
17/02/2019;El Español;Sociométrica;Sociométrica (El Español);;15/02/2019;Telefónica + Online;1000;24,3;18,7;18,6;15,2;11,8
17/02/2019;La Vanguardia;GAD3;GAD3 (La Vanguardia);;15/02/2019;Telefónica;1200;28,2;17,1;23,6;12,4;8,8
17/02/2019;El Periódico;GESOP;GESOP (El Periódico);;15/02/2019;Telefónica;1000;27,4;14,5;19,9;13,6;13
18/02/2019;Henneo;Metroscopia;Metroscopia (Henneo);;13/02/2019;Telefónica;1995;20,5;13,8;27,6;15,4;12,7
11/02/2019;Simple Lógica;Simple Lógica;Simple Lógica;;08/02/2019;Telefónica;1017;25,4;17;17,9;13,9;11,7
12/02/2019;eldiario.es;Celeste Tel;Celeste Tel (eldiario.es);;07/02/2019;Telefónica;1100;23,7;15,8;23,1;19,2;8,9
02/02/2019;La Sexta;Invymark;Invymark (La Sexta);;28/01/2019;Telefónica;;23,9;20,9;21,3;13,5;11,2
28/01/2019;La Razón;NC Report;NC Report (La Razón);21/01/2019;25/01/2019;Telefónica;1000;24;16,6;24,2;18,7;9,4
28/01/2019;ABC;GAD3;GAD3 (ABC);14/01/2019;24/01/2019;Telefónica;1800;23;11,6;26,5;17,1;9,8
20/01/2019;La Sexta;Invymark;Invymark (La Sexta);14/01/2019;19/01/2019;Telefónica;;21,5;14,4;23,2;23;8,9
23/01/2019;Henneo;Metroscopia;Metroscopia (Henneo);09/01/2019;15/01/2019;Telefónica;2332;19,1;17,1;23,7;17,8;12,1
11/01/2018;Simple Lógica;Simple Lógica;Simple Lógica;03/01/2019;09/01/2019;Telefónica;1042;18,2;14;25,1;17,9;11,5
10/01/2019;eldiario.es;Celeste Tel;Celeste Tel (eldiario.es);02/01/2019;08/01/2019;Telefónica;1100;23,8;16,1;24,1;19,6;8,1
08/01/2019;El Español;Sociométrica;Sociométrica (El Español);24/12/2018;31/12/2018;Telefónica + Online;1800;18,3;17,1;22,4;18,5;12,5
23/12/2018;La Sexta;Invymark;Invymark (La Sexta);15/12/2018;20/12/2018;Telefónica;;21,8;15,2;23,5;22,7;7,8
02/01/2019;El Mundo;Sigma Dos;Sigma Dos (El Mundo);21/12/2018;17/12/2018;Telefónica;1000;19,2;15,8;22,6;18,8;12,9
16/12/2018;Antena 3;Sigma Dos;Sigma Dos (Antena 3);01/12/2018;15/12/2018;;;21,2;16,7;24,1;18,4;9,2
21/12/2018;Simple Lógica;Simple Lógica;Simple Lógica;03/12/2018;14/12/2018;Telefónica;1204;18,8;17,7;23,2;20,4;8,7
17/12/2018;El Español;Sociométrica;Sociométrica (El Español);10/12/2018;14/12/2018;Telefónica + Online;900;21,6;17,8;22,5;19;8,5
17/12/2018;La Razón;NC Report;NC Report (La Razón);05/12/2018;14/12/2018;Telefónica;1000;24,4;17,2;24,8;18;8,7
17/12/2018;ABC;GAD3;GAD3 (ABC);10/12/2018;14/12/2018;Telefónica;1005;20,5;14,2;24,2;20,7;8,7
04/01/2019;CIS;CIS;CIS;01/12/2018;12/12/2018;Personal;2984;19,1;14,9;28,9;17,9;3,7
18/12/2018;Henneo;Metroscopia;Metroscopia (Joly);10/12/2018;12/12/2018;Telefónica;1895;18;17,9;22,2;20,5;11,5
13/12/2018;eldiario.es;Celeste Tel;Celeste Tel (eldiario.es);03/12/2018;11/12/2018;Telefónica;1100;24,7;16,2;25,2;19,4;6,8
09/12/2018;La Sexta;Invymark;Invymark (La Sexta);03/12/2018;05/12/2018;Telefónica;1200;22,9;14,8;23,2;22,9;7,3
16/11/2018;Simple Lógica;Simple Lógica;Simple Lógica;02/11/2018;14/11/2018;Telefónica;1019;19,6;18,1;24,1;22,4;
05/12/2018;CIS;CIS;CIS;01/11/2018;11/11/2018;Personal;2974;19,1;18;31,2;18,2;2,5
12/11/2018;La Razón;NC Report;NC Report (La Razón);05/11/2018;09/11/2018;Telefónica;1000;26,3;17;26,5;19,9;2,1
11/11/2018;La Sexta;Invymark;Invymark (La Sexta);05/11/2019;09/11/2018;Telefónica;;24,2;17;25,4;22,7;
10/11/2018;La Vanguardia;GAD3;GAD3 ( La Vanguardia);02/11/2018;07/11/2018;Telefónica;1208;22,3;16,6;26,6;21,9;3,4
05/11/2018;El Periódico;GESOP;GESOP (El Periódico);22/10/2018;30/10/2018;Telefónica;911;21,3;16,1;25,3;21,8;4,3
27/10/2018;La Sexta;Invymark;Invymark (La Sexta);22/10/2018;25/10/2018;Telefónica;;24,2;17,3;25,7;22;
22/10/2018;Joly;Metroscopia;Metroscopia (Joly);16/10/2018;18/10/2018;Telefónica;1588;22,6;17,7;25,2;19,2;5,1
17/12/2018;El Confidencial;IMOP;IMOP (El Confidencial);10/12/2018;13/10/2018;Online;1036;19,6;15,5;25,8;20,6;8
15/10/2018;La Razón;NC Report;NC Report (La Razón);01/10/2018;11/10/2018;Telefónica;1000;26,7;16,8;26,8;19,5;1,9
25/10/2018;CIS;CIS;CIS;01/10/2018;09/10/2018;Personal;2979;18,2;17,3;31,6;21;1,3
14/11/2018;eldiario.es;Celeste Tel;Celeste Tel (eldiario.es);02/11/2018;08/10/2018;Telefónica;1100;25,8;17,3;26,9;20,4;1,5
11/10/2018;Simple Lógica;Simple Lógica;Simple Lógica;01/10/2018;05/10/2018;Telefónica;1065;23,8;17,3;25,2;21,6;
09/10/2018;eldiario.es;Celeste Tel;Celeste Tel (eldiario.es);01/10/2018;05/10/2018;Telefónica;1100;26,3;17,4;27,7;19,3;1
02/10/2018;eldebate.es;Simple Lógica;Simple Lógica (eldebate.es);15/09/2018;30/09/2018;Telefónica;1000;21,1;15,9;25,3;23,1;2
30/09/2018;La Sexta;Invymark;Invymark (La Sexta);24/09/2018;30/09/2018;Telefónica;;24,6;17,8;24,6;22,3;
24/09/2018;Joly;Metroscopia;Metroscopia (Joly);17/09/2018;19/09/2018;Telefónica;1635;22,8;15,1;22,7;20,8;
24/09/2018;El Independiente;Instituto DYM;DYM (El Independiente);17/09/2018;19/09/2018;Telefónica;1017;23,4;16,2;26,5;22,7;
16/09/2018;La Sexta;Invymark;Invymark (La Sexta);13/09/2018;13/09/2018;Telefónica;;24,1;18,6;25;22,1;
25/09/2018;CIS;CIS;CIS;01/09/2018;12/09/2018;Personal;2500;20,8;16,1;30,5;19,9;
15/09/2018;El Confidencial;IMOP;IMOP (El Confidencial);06/09/2018;11/09/2018;Telefónica;1000;20,3;15,4;26,5;23,9;
21/09/2018;Simple Lógica;Simple Lógica;Simple Lógica;03/09/2018;09/09/2018;Telefónica;1010;21,1;16,6;24,8;23,2;
10/09/2018;ABC;GAD3;GAD3 (ABC);03/09/2018;07/09/2018;Telefónica;1000;25,9;15,9;27;20,6;
03/09/2018;La Razón;NC Report;NC Report (La Razón);27/08/2018;31/08/2018;Telefónica;1000;27,5;16;27,8;18,8;
03/09/2018;El Español;Sociométrica;Sociométrica (El Español);22/08/2018;30/08/2018;Telefónica;1200;22,6;16,5;25,8;23,1;
16/08/2018;eldiario.es;Celeste Tel;Celeste Tel (eldiario.es);01/08/2018;07/08/2018;Telefónica;1100;25,5;17,3;28;19,4;
10/08/2018;Simple Lógica;Simple Lógica;Simple Lógica;01/08/2018;03/08/2018;Telefónica;1029;24,4;15,3;25,5;23,4;
30/07/2018;La Razón;NC Report;NC Report (La Razón);23/07/2018;27/07/2018;Telefónica;1000;26,7;15,8;27,4;19,2;
30/07/2018;ABC;GAD3;GAD3 (ABC);24/07/2018;26/07/2018;Telefónica;804;26,2;15,1;27,9;19,6;
29/07/2018;El País;Metroscopia;Metroscopia (El País);16/07/2018;25/07/2018;Telefónica;2260;24,2;16,1;26,6;20,1;
23/07/2018;La Sexta;Invymark;Invymark (La Sexta);23/07/2018;23/07/2018;Telefónica;;24,4;18,3;26;21,1;
02/08/2018;CIS;CIS;CIS;01/07/2018;15/07/2018;Personal;2500;20,4;15,6;29,9;20,4;
15/07/2018;El Mundo;Sigma Dos;Sigma Dos (El Mundo);09/07/2018;12/07/2018;Telefónica;1000;22,3;16,1;24,2;26,3;
14/07/2018;La Sexta;Invymark;Invymark (La Sexta);09/07/2018;09/07/2018;Telefónica;;23,4;18,1;26,5;21,9;
13/07/2018;Simple Lógica;Simple Lógica;Simple Lógica;02/07/2018;06/07/2018;Telefónica;1048;18,7;17,3;27,2;26;
11/07/2018;eldiario.es;Celeste Tel;Celeste Tel (eldiario.es);02/07/2018;06/07/2018;Telefónica;1100;24,2;17,7;27,1;20,6;
02/07/2018;La Razón;NC Report;NC Report (La Razón);25/06/2018;30/06/2018;Telefónica;1000;25,2;16,2;26,3;20,6;
24/06/2018;El Español;Sociométrica;Sociométrica (El Español);19/06/2018;22/06/2018;Telefónica;1000;19,5;16,9;23,9;25,3;
23/06/2018;La Sexta;Invymark;Invymark (La Sexta);18/06/2018;18/06/2018;Telefónica;;22,9;17,9;26,7;22,1;
15/06/2018;El Periódico;GESOP;GESOP (El Periódico);11/06/2018;13/06/2018;Telefónica;800;21;16,6;28,6;22,8;
13/09/2018;eldiario.es;Celeste Tel;Celeste Tel (eldiario.es);06/09/2018;11/06/2018;Telefónica;1012;26,4;17,1;28,3;18,7;
10/06/2018;La Razón;NC Report;NC Report (La Razón);01/06/2018;09/06/2018;Telefónica;1200;25,5;16,7;24,9;21;
15/06/2018;Simple Lógica;Simple Lógica;Simple Lógica;04/06/2018;08/06/2018;Telefónica;1030;20,6;16,5;26,7;25,7;
11/06/2018;eldiario.es;Celeste Tel;Celeste Tel (eldiario.es);04/06/2018;08/06/2018;Telefónica;1100;24,1;17,2;25,5;20,9;
10/06/2018;ABC;GAD3;GAD3 (ABC);07/06/2018;08/06/2018;Telefónica;800;25,6;13,1;28,8;21,1;
10/06/2018;La Sexta;Invymark;Invymark (La Sexta);04/06/2018;05/06/2018;Telefónica;;23,7;17,3;25,1;22,2;
30/05/2018;La Sexta;Invymark;Invymark (La Sexta);29/05/2018;30/05/2018;Telefónica;;23,5;17,3;22,6;26,4;
31/05/2018;El Confidencial;IMOP;IMOP (El Confidencial);23/05/2018;28/05/2018;Telefónica;1015;19,6;19,7;20,6;28,6;
27/05/2018;El Español;Sociométrica;Sociométrica (El Español);17/05/2018;26/05/2018;Telefónica;1700;16,8;19,3;20,3;28,5;
28/05/2018;La Razón;NC Report;NC Report (La Razón);16/05/2018;25/05/2018;Telefónica;1000;25,6;15,8;23,6;24,4;
18/05/2018;Simple Lógica;Simple Lógica;Simple Lógica;03/05/2018;10/05/2018;Telefónica;1067;20,9;17,2;20,1;29,6;
13/05/2018;El País;Metroscopia;Metroscopia (El País);07/05/2018;09/05/2018;Telefónica;1726;19,5;19,8;19;29,1;
21/04/2018;El Periódico;GESOP;GESOP (El Periódico);12/04/2018;18/04/2018;Telefónica;1000;21;18,1;20,5;28,5;
08/05/2018;CIS;CIS;CIS;01/04/2018;15/04/2018;Personal;2500;24;19,6;22;22,4;
16/04/2018;La Sexta;Invymark;Invymark (La Sexta);09/04/2018;13/04/2018;Telefónica;;24,8;17,1;22,3;25,2;
15/04/2018;La Razón;NC Report;NC Report (La Razón);09/04/2018;13/04/2018;Telefónica;1000;26,3;16,2;23,5;24,3;
20/04/2018;Simple Lógica;Simple Lógica;Simple Lógica;02/04/2018;09/04/2018;Telefónica;1062;19;17,6;20,2;29,9;
12/04/2018;eldiario.es;Celeste Tel;Celeste Tel (eldiario.es);02/04/2018;06/04/2018;Telefónica;1100;24,9;16,6;24,1;24;
07/04/2018;El País;Metroscopia;Metroscopia (El País);04/04/2018;05/04/2018;Telefónica;1278;20,4;18,3;19,1;28,7;
01/04/2018;El Español;Sociométrica;Sociométrica (El Español);19/03/2018;29/03/2018;Telefónica;1000;21,9;16,2;19,4;27,4;
31/03/2018;El Mundo;Sigma Dos;Sigma Dos (El Mundo);13/03/2018;27/03/2018;Telefónica;1000;23,3;18,4;19,7;26,7;
23/03/2018;Cadena Ser;MyWord;MyWord (Cadena SER);13/03/2018;16/03/2018;Online;1002;24,7;16;20,4;23,8;
18/03/2018;La Sexta;Invymark;Invymark (La Sexta);12/03/2018;16/03/2018;Telefónica;;25,1;16,8;22,6;25;
17/03/2018;La Vanguardia;GAD3;GAD3 (La Vanguardia);12/03/2018;14/03/2018;Telefónica;1008;23,8;16,7;22,1;27,3;
16/03/2018;Simple Lógica;Simple Lógica;Simple Lógica;01/03/2018;07/03/2018;Telefónica;1076;20;17,3;21;29,6;
13/03/2018;eldiario.es;Celeste Tel;Celeste Tel (eldiario.es);01/03/2018;07/03/2018;Telefónica;1100;26,6;16,2;24,3;23,5;
10/03/2018;El País;Metroscopia;Metroscopia (El País);02/03/2018;05/03/2018;Telefónica;1175;21,5;17;19,4;28,9;
04/03/2018;La Sexta;Invymark;Invymark (La Sexta);26/02/2018;03/03/2018;Telefónica;;26;16,5;23,1;24;
04/03/2018;La Razón;NC Report;NC Report (La Razón);26/02/2018;02/03/2018;Telefónica;1000;27,9;15,8;24;22,1;
05/03/2018;El Confidencial;IMOP;IMOP (El Confidencial);22/02/2018;27/02/2018;Telefónica;1402;21,4;17;21,5;28,5;
18/02/2018;La Sexta;Invymark;Invymark (La Sexta);12/02/2018;17/02/2018;Telefónica;;25,9;16,5;22,8;23,8;
20/02/2018;Cadena Ser;MyWord;MyWord (Cadena SER);07/02/2018;14/02/2018;Online;1000;24,5;16,6;21,3;22,1;
14/02/2018;eldiario.es;Celeste Tel;Celeste Tel (eldiario.es);05/02/2018;09/02/2018;Telefónica;1100;28,6;16,3;25,3;19,1;
09/02/2018;El País;Metroscopia;Metroscopia (El País);05/02/2018;08/02/2018;Telefónica;1321;21,9;16,8;20,1;28,3;
23/02/2018;Simple Lógica;Simple Lógica;Simple Lógica;01/02/2018;07/02/2018;Telefónica;1065;22,2;17;21,4;28,7;
11/02/2018;ABC;GAD3;GAD3 (ABC);31/01/2018;07/02/2018;Telefónica;1002;25,8;14,8;23,7;25,6;
23/01/2018;La Sexta;Invymark;Invymark (La Sexta);22/01/2018;27/01/2018;Telefónica;;26,1;16,2;23;23,4;
12/01/2018;El País;Metroscopia;Metroscopia (El País);08/01/2018;11/01/2018;Telefónica;2371;23,2;15,1;21,6;27,1;
05/02/2018;CIS;CIS;CIS;02/01/2018;10/01/2018;Personal;2500;26,3;19;23,1;20,7;
08/01/2018;eldiario.es;Celeste Tel;Celeste Tel (eldiario.es);02/01/2018;05/01/2018;Telefónica;1100;29,8;16,9;25,1;18,6;
02/01/2018;La Razón;NC Report;NC Report (La Razón);26/12/2017;30/12/2017;Telefónica;1000;30;16,1;23,8;18,8;
07/01/2018;El Español;Sociométrica;Sociométrica (El Español);22/12/2017;29/12/2017;Telefónica;1000;24,1;16,2;22,5;23,9;
30/12/2017;La Sexta;Invymark;Invymark (La Sexta);25/12/2017;29/12/2017;Telefónica;1000;27,6;15,7;23,3;22,4;
14/12/2017;Simple Lógica;Simple Lógica;Simple Lógica;05/12/2017;13/12/2017;Telefónica;1077;24,8;16,3;23,8;22,8;
13/11/2017;eldiario.es;Celeste Tel;Celeste Tel (eldiario.es);06/11/2017;10/11/2017;Telefónica;1100;30,3;17,7;24,2;17,5;
12/11/2017;El País;Metroscopia;Metroscopia (El País);06/11/2017;08/11/2017;Telefónica;2371;26,1;14,7;22,7;22,7;
06/11/2017;El Español;Sociométrica;Sociométrica (El Español);27/10/2017;03/11/2017;Online + Telefónica;800;27,5;15,7;24,8;20,6;
26/10/2017;El Mundo;Sigma Dos;Sigma Dos (El Mundo);23/10/2017;26/10/2017;Telefónica;1250;31,4;15,3;26;16,7;
16/10/2017;La Sexta;Invymark;Invymark (La Sexta);10/10/2017;15/10/2017;Telefónica;1100;30;19,5;24,9;14,6;
15/10/2017;La Razón;NC Report;NC Report (La Razón);11/10/2017;14/10/2017;Telefónica;1000;31,4;17,5;22;17,8;
14/10/2017;El Confidencial;Instituto DYM;DYM (ECD);26/09/2017;11/10/2017;Telefónica;982;29,9;16,9;24;17,5;
07/11/2017;CIS;CIS;CIS;01/10/2017;10/10/2017;Personal;2500;28;18,5;24,2;17,5;
24/10/2017;Simple Lógica;Simple Lógica;Simple Lógica;02/10/2017;10/10/2017;Telefónica;1053;27,7;16,6;24,2;20,7;
15/10/2017;eldiario.es;Celeste Tel;Celeste Tel (eldiario.es);09/10/2017;10/10/2017;Telefónica;1100;30,3;17,9;23,4;17;
10/10/2017;ABC;GAD3;GAD3 (ABC);02/10/2017;06/10/2017;Online + Telefónica;1238;29,8;17,9;21,8;19,5;
15/09/2017;eldiario.es;Celeste Tel;Celeste Tel (eldiario.es);01/09/2017;12/09/2017;Telefónica;1100;30,9;18,7;25,4;14,9;
16/09/2017;La Sexta;Invymark;Invymark (La Sexta);11/09/2017;11/09/2017;Telefónica;1000;30,2;20;24,5;14,1;
10/09/2017;ABC;GAD3;GAD3 (ABC);04/09/2017;08/09/2017;Telefónica;1000;31,9;18,3;23,9;15,8;
11/09/2017;Cadena Ser;MyWord;MyWord (Cadena SER);04/09/2017;07/09/2017;Online;1003;30,9;17,5;26,1;14,1;
10/09/2017;El Mundo;Sigma Dos;Sigma Dos (El Mundo);04/09/2017;07/09/2017;Telefónica;1000;30,8;19,5;26,4;12,7;
14/08/2017;eldiario.es;Celeste Tel;Celeste Tel (eldiario.es);01/08/2017;07/08/2017;Telefónica;1100;31,1;18,9;25;14,9;
17/07/2017;Cadena Ser;MyWord;MyWord (Cadena SER);07/07/2017;12/07/2017;Online;1003;29,2;19;23,6;14,5;
04/08/2017;CIS;CIS;CIS;01/07/2017;10/07/2017;Personal;2490;28,8;20,3;24,9;14,5;
16/07/2017;La Sexta;Invymark;Invymark (La Sexta);10/07/2017;10/07/2017;Telefónica;;30,7;21,3;23,4;13,6;
14/07/2017;Simple Lógica;Simple Lógica;Simple Lógica;03/07/2017;10/07/2017;Telefónica;1003;27,2;20,4;24,1;17,2;
10/07/2017;La Razón;NC Report;NC Report (La Razón);09/07/2017;09/07/2017;Telefónica;1000;34,2;19,1;22,3;13,9;
12/07/2017;eldiario.es;Celeste Tel;Celeste Tel (eldiario.es);03/07/2017;07/07/2017;Telefónica;1100;31,6;18,8;24,4;15,1;
02/07/2017;La Sexta;Invymark;Invymark (La Sexta);26/06/2017;30/06/2017;Telefónica;;30;21,1;24,2;13,8;
02/07/2017;El Confidencial;Instituto DYM;DYM (ECD);22/06/2017;28/06/2017;Telefónica;1219;30,9;17,5;25;15,8;
02/07/2017;El País;Metroscopia;Metroscopia (El País);27/06/2017;28/06/2017;Telefónica;1017;25,5;20,6;21,6;18,8;
01/07/2016;La Sexta;Invymark;Invymark (La Sexta);27/06/2017;27/06/2017;Telefónica;;33,6;21,2;22,5;11,7;
19/06/2017;El Español;Sociométrica;Sociométrica (El Español);06/06/2017;16/06/2017;Online + Telefónica;800;26,7;19,1;24,2;18,1;
18/06/2017;La Sexta;Invymark;Invymark (La Sexta);12/06/2017;16/06/2017;Telefónica;;30,4;21;23,6;14,2;
16/06/2017;Simple Lógica;Simple Lógica;Simple Lógica;05/06/2017;09/06/2017;Telefónica;1004;29,9;18,6;25,3;16,8;
11/06/2017;La Sexta;Invymark;Invymark (La Sexta);05/06/2017;09/06/2017;Telefónica;;30,9;20,8;23;14,3;
11/06/2017;eldiario.es;Celeste Tel;Celeste Tel (eldiario.es);01/06/2017;07/06/2017;Telefónica;1100;31,9;19;23,5;14,5;
12/06/2017;Cadena Ser;MyWord;MyWord (Cadena SER);30/05/2017;01/06/2017;Online;1008;28,6;18,9;24,8;15,7;
05/06/2017;ABC;GAD3;GAD3 (ABC);29/05/2017;01/06/2017;Telefónica;805;30,7;17,8;25,9;15,4;
04/06/2017;El País;Metroscopia;Metroscopia (El País);29/05/2017;01/06/2017;Telefónica;1768;25,9;19,2;22,8;18,7;
04/06/2017;La Razón;NC Report;NC Report (La Razón);22/05/2017;01/06/2017;Telefónica;1000;36;20,2;20,5;12,6;
28/05/2017;La Sexta;Invymark;Invymark (La Sexta);22/05/2017;26/05/2017;Telefónica;;31,2;20,8;22,8;14,1;
21/05/2017;La Sexta;Invymark;Invymark (La Sexta);15/05/2017;19/05/2017;Telefónica;;31,7;21,2;22;14,2;
14/05/2017;El Mundo;Sigma Dos;Sigma Dos (El Mundo);08/05/2017;10/05/2017;Telefónica;1200;31,1;21,6;23,5;14,3;
16/05/2017;eldiario.es;Celeste Tel;Celeste Tel (eldiario.es);02/05/2017;08/05/2017;Telefónica;1100;34,8;19,3;22,5;12,7;
07/05/2017;La Sexta;Invymark;Invymark (La Sexta);01/05/2017;05/05/2017;Telefónica;;32;21,6;21,7;13,8;
16/04/2017;El Español;Sociométrica;Sociométrica (El Español);05/04/2017;12/04/2017;Online + Telefónica;800;31,6;19,4;21,2;16,7;
16/04/2017;La Razón;NC Report;NC Report (La Razón);05/04/2017;11/04/2017;Telefónica;1000;36,8;20,2;21;11,8;
19/05/2017;Simple Lógica;Simple Lógica;Simple Lógica;03/04/2017;10/04/2017;Telefónica;1002;30,9;19,8;22,3;14,8;
17/04/2017;Simple Lógica;Simple Lógica;Simple Lógica;03/04/2017;10/04/2017;Telefónica;1008;30,8;19,3;23,8;13,9;
09/05/2017;CIS;CIS;CIS;01/04/2017;08/04/2017;Personal;2492;31,5;19,7;19,9;14,9;
11/04/2017;eldiario.es;Celeste Tel;Celeste Tel (eldiario.es);03/04/2017;07/04/2017;Telefónica;1100;35,1;19,2;22,3;12,9;
09/04/2017;El País;Metroscopia;Metroscopia (El País);31/03/2017;06/04/2017;Telefónica;1566;30,2;20,7;20,2;17,4;
02/04/2017;La Sexta;Invymark;Invymark (La Sexta);24/03/2017;27/03/2017;Telefónica;;33,2;21,4;21,4;12,9;
04/04/2017;Cadena Ser;MyWord;MyWord (Cadena SER);21/03/2017;26/03/2017;Online;1055;30,7;20,3;22,6;14;
20/03/2017;La Razón;NC Report;NC Report (La Razón);13/03/2017;17/03/2017;Telefónica;1000;37;20,2;20,8;11,3;
19/03/2017;La Sexta;Invymark;Invymark (La Sexta);13/03/2017;17/03/2017;Telefónica;;32,6;21,9;21;13,4;
17/03/2017;El Confidencial;Instituto DYM;DYM (ECD);07/03/2017;15/03/2017;Telefónica;1010;31;19,9;20;16,2;
17/03/2017;Simple Lógica;Simple Lógica;Simple Lógica;01/03/2017;09/03/2017;Telefónica;1006;29,9;20;20,9;15,7;
12/03/2017;El País;Metroscopia;Metroscopia (El País);06/03/2017;09/03/2017;Telefónica;1230;31,2;21,5;19;16,5;
13/03/2017;eldiario.es;Celeste Tel;Celeste Tel (eldiario.es);01/03/2017;07/03/2017;Telefónica;1100;35,6;19,3;22,1;12,1;
04/03/2017;La Sexta;Invymark;Invymark (La Sexta);27/02/2017;03/03/2017;Telefónica;;33,2;21,5;21,3;12,8;
05/03/2017;El Mundo;Sigma Dos;Sigma Dos (El Mundo);27/02/2017;02/03/2017;Telefónica;1000;34,3;21,7;20,2;12,6;
26/02/2017;El Periódico;GESOP;GESOP (El Periódico);19/02/2017;22/02/2017;Telefónica;1000;32,2;21,7;21,1;14;
20/02/2017;El Español;Sociométrica;Sociométrica (El Español);13/02/2017;17/02/2017;Online + Telefónica;800;32,5;20,2;18,6;15,4;
19/02/2017;La Sexta;Invymark;Invymark (La Sexta);13/02/2017;17/02/2017;Telefónica;;33,3;22;21,1;12,5;
24/02/2017;Simple Lógica;Simple Lógica;Simple Lógica;06/02/2017;10/02/2017;Telefónica;1005;31;22,6;21,4;13,7;
10/02/2017;eldiario.es;Celeste Tel;Celeste Tel (eldiario.es);01/02/2017;07/02/2017;Telefónica;1100;35,7;19,7;21,3;12,1;
14/02/2017;Cadena Ser;MyWord;MyWord (Cadena SER);31/01/2017;06/02/2017;Online;1011;32,7;20,5;21,8;12,6;
05/02/2017;ABC;GAD3;GAD3 (ABC);25/01/2017;02/02/2017;Telefónica;805;34,2;20,8;20,4;13,8;
05/02/2017;La Razón;NC Report;NC Report (La Razón);28/01/2017;02/02/2017;Telefónica;1000;36,8;20,8;19,9;11,5;
28/01/2017;La Sexta;Invymark;Invymark (La Sexta);12/01/2017;27/01/2017;Telefónica;;34,1;22,6;20,6;11,7;
15/01/2017;La Sexta;Invymark;Invymark (La Sexta);09/01/2017;13/01/2017;Telefónica;;34,3;22,9;20,2;11,3;
07/02/2017;CIS;CIS;CIS;02/01/2017;12/01/2017;Personal;2490;33;21,7;18,6;12,4;
16/01/2017;El País;Metroscopia;Metroscopia (El País);10/01/2017;12/01/2017;Telefónica;1578;33,2;21,7;19,1;15,5;
15/01/2017;eldiario.es;Celeste Tel;Celeste Tel (eldiario.es);02/01/2017;09/01/2017;Telefónica;1100;35,9;20,3;20,7;12,4;
08/01/2017;El Español;Sociométrica;Sociométrica (El Español);29/12/2016;29/12/2016;Online + Telefónica;800;33;21,1;18,8;15,5;
02/01/2017;El Mundo;Sigma Dos;Sigma Dos (El Mundo);29/12/2016;29/12/2016;Telefónica;1000;34,8;22,5;19,4;12,6;
27/12/2016;La Sexta;Invymark;Invymark (La Sexta);19/12/2016;19/12/2016;Telefónica;;34,5;22,4;20,4;11,8;
17/12/2016;La Razón;NC Report;NC Report (La Razón);13/12/2016;17/12/2016;Telefónica;1000;36,9;21,2;19,3;11,6;
18/12/2016;ABC;GAD3;GAD3 (ABC);12/12/2016;16/12/2016;Telefónica;800;34,1;21,6;19,2;14,2;
17/12/2016;La Sexta;Invymark;Invymark (La Sexta);12/12/2016;12/12/2016;Telefónica;;34,7;22,6;19,9;12,1;
22/12/2016;eldiario.es;Celeste Tel;Celeste Tel (eldiario.es);01/12/2016;09/12/2016;Telefónica;1000;35,6;20,5;20;12,6;
07/01/2017;Simple Lógica;Simple Lógica;Simple Lógica;01/12/2016;07/12/2016;Telefónica;1000;33,9;21;19,9;14,5;
03/12/2016;El Español;Sociométrica;Sociométrica (El Español);28/11/2016;02/12/2016;Online + Telefónica;800;32,4;22,4;19,6;15,4;
04/12/2016;El País;Metroscopia;Metroscopia (El País);23/11/2016;30/11/2016;Telefónica;2656;34,2;22,9;17,9;14,5;
03/12/2016;La Sexta;Invymark;Invymark (La Sexta);28/11/2016;28/11/2016;Telefónica;1200;34,3;22,9;20;12,4;
29/11/2016;Cadena Ser;MyWord;MyWord (Cadena SER);17/11/2016;22/11/2016;Online;1000;33,8;22,5;18,6;12,4;
21/11/2016;La Razón;NC Report;NC Report (La Razón);15/11/2016;19/11/2016;Telefónica;1000;36,9;20,6;19,5;11,4;
20/11/2016;La Sexta;Invymark;Invymark (La Sexta);14/11/2016;14/11/2016;Telefónica;;34,8;22,7;19,5;12,1;
12/11/2016;El País;Metroscopia;Metroscopia (El País);07/11/2016;11/11/2016;Telefónica;1302;35,7;23,1;17,9;13;
18/11/2016;Simple Lógica;Simple Lógica;Simple Lógica;02/11/2016;08/11/2016;Telefónica;1003;34,1;22,9;17,6;14,5;
13/11/2016;eldiario.es;Celeste Tel;Celeste Tel (eldiario.es);02/11/2016;08/11/2016;Telefónica;1100;35,9;20,1;20,3;12,7;
04/11/2016;La Sexta;Invymark;Invymark (La Sexta);31/10/2016;31/10/2016;Telefónica;;35;22,6;19,1;12,4;
29/10/2016;La Sexta;Invymark;Invymark (La Sexta);24/10/2016;24/10/2016;Telefónica;;35,3;23,2;18,5;12;
15/10/2016;El País;Metroscopia;Metroscopia (El País);10/10/2016;13/10/2016;Telefónica;1388;37,8;22,1;18;11,6;
18/10/2016;Simple Lógica;Simple Lógica;Simple Lógica;03/10/2016;11/10/2016;Telefónica;1002;36,8;23,5;15,9;13,9;
07/11/2016;CIS;CIS;CIS;01/10/2016;10/10/2016;Personal;2491;34,5;21,8;17;12,8;
07/10/2016;eldiario.es;Celeste Tel;Celeste Tel (eldiario.es);03/10/2016;07/10/2016;Telefónica;1100;35,8;20,4;20,7;12,4;
08/10/2016;El Confidencial;Instituto DYM;DYM (ECD);27/09/2016;06/10/2016;Telefónica;1132;36,2;21,7;19,6;11,8;
09/10/2016;La Sexta;Invymark;Invymark (La Sexta);03/10/2016;03/10/2016;Telefónica;;34,1;21,8;20;13,4;
03/10/2016;ABC;GAD3;GAD3 (ABC);05/09/2016;30/09/2016;Telefónica;3400;36,4;20,8;18,6;11,9;
02/10/2016;El Español;Sociométrica;Sociométrica (El Español);26/09/2016;30/09/2016;Online + Telefónica;1000;33,8;21,4;19,9;14,6;
19/09/2016;Cadena Ser;MyWord;MyWord (Cadena SER);09/09/2016;14/09/2016;Online;995;33,4;20,6;22;12,9;
16/09/2016;Simple Lógica;Simple Lógica;Simple Lógica;01/09/2016;14/09/2016;Telefónica;1046;33,6;20;23,7;12,8;
11/09/2016;ABC;GAD3;GAD3 (ABC);06/09/2016;09/09/2016;Telefónica;802;33,9;20,5;21,1;12,9;
12/09/2016;El País;Metroscopia;Metroscopia (El País);06/09/2016;08/09/2016;Telefónica;1294;34,8;21,1;21,3;12;
11/09/2016;La Sexta;Invymark;Invymark (La Sexta);05/09/2016;05/09/2016;Telefónica;;33,7;20,1;21,8;14;
29/08/2016;eldiario.es;Celeste Tel;Celeste Tel (eldiario.es);22/08/2016;27/08/2016;Telefónica;1100;34;20,9;22,3;12,7;
10/08/2016;Simple Lógica;Simple Lógica;Simple Lógica;01/08/2016;10/08/2016;Telefónica;1049;35,4;21,3;22,8;12,3;
04/09/2016;La Razón;NC Report;NC Report (La Razón);29/08/2016;03/08/2016;Telefónica;1000;34,8;20,7;22,4;12,1;
25/07/2016;La Razón;NC Report;NC Report (La Razón);18/07/2016;25/07/2016;Telefónica;1000;34,1;21;22,2;12,3;
15/07/2016;Simple Lógica;Simple Lógica;Simple Lógica;01/07/2016;15/07/2016;Telefónica;1033;33,5;21,6;22,3;14,1;
01/08/2016;CIS;CIS;CIS;01/07/2016;11/07/2016;Personal;2479;32,5;19,6;23,1;12;
